comment,violence,directed_vs_generalized,gender,race,national_origin,disability,religion,sexual_orientation,dominant_bias
You should know women's sports are a joke,0.0,0.0,1.0,0.0,0.0,0.0,0.0,0.0,gender
You look like Russian and speak like Indian. Both are disgusting go kill yourself,1.0,0.5,0.142857143,0.142857143,0.714285714,0.0,0.0,0.0,gender
"Women deserve to be abused, I guess.",0.666666667,0.166666667,1.0,0.0,0.0,0.0,0.0,0.0,gender
Women are made for making babies and cooking dinner and nothing else!!!,0.0,0.0,1.0,0.0,0.0,0.0,0.0,0.0,gender
Why don’t you go beck your god to murder you? Christianity is a joke,0.833333333,0.5,0.0,0.0,0.0,0.0,1.0,0.0,religion
why does that african american monkey hold gun like that?,0.0,0.5,0.0,1.0,0.0,0.0,0.0,0.0,race
Why do negroes tear down their own neighborhoods when a black thug gets killed by law enforcement? Must be because of low IQ.,0.25,0.0,0.0,1.0,0.0,0.0,0.0,0.0,race
who gives aa fuck about shit diamonds from the jews fuck them both,0.75,0.0,0.0,0.25,0.0,0.0,0.75,0.0,religion
Who do you think you are cunt? wtf! Stay steady to aim for head little christian rat,0.833333333,0.833333333,0.0,0.0,0.0,0.0,1.0,0.0,religion
white people are shit human beings,0.166666667,0.0,0.0,1.0,0.0,0.0,0.0,0.0,race
what happened in the good old days when these freaks did not exist ? which sewer have these freaks dragged themselves out of ? its just a manufactured group of freaks who want to cut their cocks off and take it up the arse in the hope that the world will treat them as woman . it takes more than that to be a woman . stop pandering to these twats .,0.0,0.0,0.25,0.0,0.0,0.0,0.0,0.75,gender
What about a global massacre of men? Pussiezzz only girls,0.833333333,0.0,1.0,0.0,0.0,0.0,0.0,0.0,gender
what a disgusting man and disgusting religion. He admits that muslim buy all their wifes ! .pff...This is why all muslims are poor...islam keeps them stupid !,0.0,0.75,0.2,0.2,0.0,0.0,0.6,0.0,religion
well it's clear now why europeans can't differ niggers and shitskins from human,0.0,0.0,0.0,0.8,0.2,0.0,0.0,0.0,race
"Well im glad that i live in Serbia, migrants and islamists are not welcome here!",0.0,0.166666667,0.0,0.0,0.5,0.0,0.5,0.0,religion
"Well done Slovakia and god bless. DO NOT build mosques, or allow or recognise Islam. They will get the point that EUROPE don't want Muslims here.",0.166666667,0.0,0.0,0.0,0.25,0.0,0.75,0.0,religion
"We whites have higher IQ's than blacks, this is because IQ measures intelligence and we are the more evolved and superior race with a larger brain. ",0.0,0.0,0.0,1.0,0.0,0.0,0.0,0.0,race
"we take everyone, sudanese niggers, egyptian shitskins, palirats, syrian and iraqi scums, they're all dogs that behave like niggers, they cost too much, especially syrians, there is way too many of them here, they are arrogant ungrateful backstabbing apes.",0.0,0.0,0.1,0.5,0.4,0.0,0.0,0.0,race
"WE NEED THE NAZI PARTY TO RETURN.....GET ANOTHER HITLER...AND FORM THE SS....AND START AN ETHNIC CLEANSING OF ALL MUSLIMS...YES YES..GATHER THEM UP...PUT THEM IN A CONCENTRATION CAMP...THEN PUT THESE MUSLIM REFUGEES ON A SHIP AND SEND THEM ALL BACK TO THIER OWN COUNTRIES ....AND THEY CAN DO AS THEY WANT THERE...LIVE THIER WAYS AND BY THIER RIDICULOUS LAWS.... THEY DON√¢¬Ä¬ôT ASSIMILATE TO THE NEW WESTERN COUNTRIES..AND TRY TO DICTATE TO US WHAT TO DO AND TO EVEN REMOVE JESUS FROM SCHOOLS AND OTHER PUBLIC AREAS...ARE YOU FUCKING SERIOUS...FUCK OFF YOU DIRTY SMELLING MUSLIMS... STOP DICTATING WHAT WE CAN OR CANT DO IN OUR OWN COUNTRIES...√∞¬ü¬ò¬°√∞¬ü¬ò¬°√∞¬ü¬ò¬°√∞¬ü¬ò¬°√∞¬ü¬ò¬°√∞¬ü¬ò¬°√∞¬ü¬ò¬° PEOPLE POWER MUST RISE AND SAY ENOUGH IS ENOUGH...TAKE SWEDEN BACK FOR SWEDES...TAKE GREECE BACK FOR GREEKS..TAKE GERMANY BACK..TAKE POLAND BACK..TAKE DENMARK BACK...SAVE OUR COUNTRIES....AND TAKE EUROPE BACK. INTRODUCE AN...SS...STYLE POLICE...AND CLEAN UP THESE STREETS AND GHETTOS....FULL OF DIRTY MUSLIMS...ITS THE GOVERNMENTS FAULT FOR ALLOWING THS SHIT TO HAPPEN....SEND THE MILITARY IN..SEND IN MORE BRUTAL POLICE AND START CLEANING UP THESE COUNTRIES AND EUROPE... MUSLIMS ARE INVADING EUROPE AND WE ARE ALLOWING THIS TO HAPPEN. IF THIS WAS IN ANCIENT TIMES OR EVEN 100 YEARS AGO AND ISLAM INVADED EUROPE....IT WOULD BE AN ALL OUT WAR. BRING BACK THE CRUSADERS AND AN ...√¢¬Ä¬ò SS √¢¬Ä¬ò...STYLE NAZI POLICE.  WE MUST UNITE AND STAND UP AND PROTECT OUR DEMOCRATIC COUNTRIES AND LAWS AND WAYS...AND ELIMINATE ISLAM AND THROW THESE DIRTY  SMELLING MUSLIM...ANIMALS OUT AND SEND THEM BACK TO THEIR OWN COUNTRIES AND THEY CAN LIVE AS THEY WISH..THEY CAN FUCK THEIR GOATS AND RAPE THEIR OWN WOMEN..  FUCKING DISGUSTING MUSLIMS...LOW LIFE DIRTY RACE...AND ISLAM IS NIT GODS RELIGION...ITS A CULT..ITS A RIDICULOUS UNETHICAL AND IMORAL CULT..! √∞¬ü¬ò¬à√∞¬ü¬ò¬à ...ITS SATINS WORK..SATINS PREACHINGS.   GOD..THE CREATOR OF THE UNIVERSE....DOES NOT PREACH TO KILL INFIDELS AND KILL NON BELIEVERS... AND TO HAVE 3...4...5 WIVES AND COMMIT PEDOPHILIA..AND MARRY 9 YEAR OLD LITTLE GIRLS..!  MUSLIMS....WHO HAVE NEVER CONTRIBUTED TO HUMANITY....NEVER INVENTED ANYTHING ....NOTHING POSITIVE COMES FROM ISLAM...THEY CREATED NOTHING..INVENTED NOTHING...CONTRIBUTED NOTHING TO THE HUMAN RACE.... MUSLIMS, JUST LIVE IN OUR WESTERN DEMOCRATIC COUNTRIES...ENJOY OUR WAYS ..MILK THE WELFARE SYSTEM...AND RUIN THESE COUNTRIES...CREATE PROBLEMS...FIGHT...STEAL AND CREATE CRIME...SCARE PEOPLE...TR6 TO CHAGE OUR WESTERN WAY OF LIFE AND EVEN RAPE OUR WOMEN..  FUCK THESE COCKSUCKERS...BURN THEM ALL...IMPALE THEM...WE MUST FIGHT BACK AND UNITE AND CLEAN EUROPE UP AGAIN. SOON GOD WILL SEND HIS TRUE MESSENGER....TO PLANET EARTH √∞¬ü¬å¬è...GOD WILL SEND A CLEAR MESSAGE ...TO HUMANITY AND THE MUSLIM PEOPLE ...WILL FEEL THE WRATH OF GOD AND SUFFER THE CONSEQUENCES....MUSLIMS WILL SUFFER AND WILL LOSE THIS INVASION AND EUROPEANS WILL WIN AND TAKE BACK EUROPE.. This is the beginning of the new CRUSADES...Christianity vs Islam...the crusaders against Islam and we need to fight and protect our way of life and Democratic society..√∞¬ü¬á¬™√∞¬ü¬á¬∫√∞¬ü¬á¬™√∞¬ü¬á¬∫√∞¬ü¬á¬™√∞¬ü¬á¬∫√∞¬ü¬á¬™√∞¬ü¬á¬∫√∞¬ü¬á¬™√∞¬ü¬á¬∫√∞¬ü¬á¬™√∞¬ü¬á¬∫√∞¬ü¬á¬™√∞¬ü¬á¬∫√∞¬ü¬á¬™√∞¬ü¬á¬∫√¢¬ö¬î√Ø¬∏¬è√¢¬ö¬î√Ø¬∏¬è√¢¬ö¬î√Ø¬∏¬è√¢¬ö¬î√Ø¬∏¬è√¢¬ö¬î√Ø¬∏¬è√¢¬ö¬î√Ø¬∏¬è√∞¬ü¬ó¬°√∞¬ü¬ó¬°√∞¬ü¬ó¬°√∞¬ü¬ó¬°",1.0,0.0,0.0,0.285714286,0.142857143,0.0,0.571428571,0.0,religion
"We men enjoy the reproductive rights of paying for your abortion, the right to fund planned parenthood, the right to overpay on Obama care to fund contraception for promiscuous sluts. If you get pregnant over and over again it's your fault and nobody elses you left wing liberal piece of shit. Go be a whore. Keep spreading disease. Half of all black women have herpes. And we have the right to pay for it. You are outrageous.",0.25,0.5,0.571428571,0.428571429,0.0,0.0,0.0,0.0,gender
Watching this kid trying to step up and walk with that crutches is the best thing in the world. So idiot,0.0,1.0,0.142857143,0.0,0.0,0.857142857,0.0,0.0,gender
U SUCK SHIT YOU BLACK FUCK,0.0,0.75,0.0,1.0,0.0,0.0,0.0,0.0,race
"transgenders need help...they are sick in the head. Civilization has messed up the world. Soon enough, people will claim to have the right to change to animals and it will be seen as human rights or right to choose",0.0,0.0,0.25,0.0,0.0,0.0,0.0,0.75,gender
Trans are using the same logic feminists have been using for decades to destroy men so i don&#39t feel sorry for wamen not one bit!,0.25,0.0,0.333333333,0.0,0.0,0.0,0.0,0.666666667,gender
Time to nuke China or Unleash a plague.,0.92,0.16,0.04,0.08,0.88,0.0,0.0,0.0,race
"this was shit the guy should of boxed his head off and thrown him through the top window,fuck peoado muhamed and islam",0.75,0.5,0.0,0.25,0.0,0.0,0.75,0.0,religion
"This sick, disgusting, white terrorist/fascist killed more than 50 innocent people.",0.166666667,0.666666667,0.142857143,0.571428571,0.142857143,0.142857143,0.0,0.0,race
This priest is being hated even by his stupid god. ,0.0,0.833333333,0.0,0.0,0.0,0.0,1.0,0.0,religion
This is considered WHITE in Sweden. No wonder they accepted all those black and muslim immigrants. They are literally color blind.,0.0,0.25,0.0,0.5,0.25,0.0,0.25,0.0,race
This fcking jew wants money? I’ll give him only my dick if he wants,0.166666667,0.666666667,0.0,0.166666667,0.166666667,0.0,0.666666667,0.0,religion
"They are insolent parasites and always have been. I bear no ill will to Christ, but the jewish race itself is a plague.",0.0,0.0,0.0,0.2,0.0,0.0,0.8,0.0,religion
"These women aren't autistic, they are smart, autistic people are retards, they make weird noises, they flap their hands. These people are not autistic.",0.0,0.0,0.166666667,0.0,0.0,0.833333333,0.0,0.0,gender
These people are fucking animals they will never change. Our cultures are simply not compatible. There is definitely a rape culture and it√¢¬Ä¬ôs right here with Islam.,0.166666667,0.0,0.0,0.0,0.0,0.0,1.0,0.0,religion
There is clearly written in Quran Person who not follow Quran is called kafir and.. Kill them you will get 72 hours Islam Is Terrorism,0.833333333,0.0,0.0,0.0,0.0,0.0,1.0,0.0,religion
The world would be better without white people because they stole from the black Egyptians in the before christ ages they was poor we wasnt whites  ruins everything for black people/White people have pig dicks and no shape no hips or no booty they have to get plastic surgery as us blacks get it from our mother whites brought skin cancer to america so learn some facts before you try to run us out america when we was here before yall racist ass smelly crackers and dont say you will beat my ass because you cant and if you wanna find out drop your adress√∞¬ü¬Ü¬ó√Ø¬∏¬è√∞¬ü¬í¬Ø√∞¬ü¬ô¬Ç,0.166666667,0.0,0.333333333,0.666666667,0.0,0.0,0.0,0.0,race
"The reason you see Indians bashing Muslims and Islam here because Hindu supremacists hate Islam and Muslims. Atrocities in Kashmir, cow lynching of Muslims, gang rapes of Muslims children, have you not read or heard about them?  This should be clear for all Muslims across the world that India is not a friend of Islam or Muslims, and behind the disguise of secularism, they hate Muslims. All Arab, Muslim countries and their residents should see and understand this ugly face of racist Hindus. They are the overwhelming majority in India and number of votes cast to BJP-RSS party is a proof . It amazes me that Saudi Arabia and other gulf countries are spending billions on India and not seeing that how much they hate Islam and Muslims? Particularly Arabs, wake up. If you canât understand this now then when or what will make you? Let all Muslims be united and boycott Indian products, their restaurants and movies, until they stop killing Muslims in Kashmir and the rest of India, and make a law to stop anti Muslim hate and racism.",0.5,0.0,0.0,0.0,0.5,0.0,0.5,0.0,religion
The only thing more repulsive than a nigger is a nigger faggot. Self-hating whites shower images of cross-dressed niggers with praise because the modern left fetishizes all forms of depravity.,0.333333333,0.0,0.0,0.6,0.0,0.0,0.0,0.4,race
The men are turtles...idiots even in uk… get lost,0.0,0.166666667,0.857142857,0.0,0.142857143,0.0,0.0,0.0,gender
"That girl still need a good ass whooping, stupid ass bitch!!",0.5,1.0,1.0,0.0,0.0,0.0,0.0,0.0,gender
That fucking black cunt gets fucking cross hairs on the fucking head! Look I owe not shit to anyone who dosent owe me!!! LOOK WHORE!! FUCK YOU TO DEATH!!! 11 PERCENTILE AND FALLING!! WHORE BLACK RACIST WHORE! TAKE THE RED PILL!,0.833333333,0.833333333,0.142857143,0.857142857,0.0,0.0,0.0,0.0,race
Teaching my kids transgenders are anything but mentally ill will get you set on fire.,0.833333333,0.333333333,0.166666667,0.0,0.0,0.333333333,0.0,0.5,gender
Taliban and all people with this thought must hanged,1.0,0.0,0.0,0.0,0.833333333,0.0,0.166666667,0.0,religion
"Surprised that the burqa is banned in Belgium, but not in Poland where they are is much more looked-down upon. Kill them",1.0,0.0,0.0,0.166666667,0.333333333,0.0,0.5,0.0,religion
"Support from China , we also fight the cancer religion in Xinjiang , despite all the differences between our two races, we have one unite enemy that is Islam.",0.5,0.0,0.0,0.0,0.0,0.0,1.0,0.0,religion
Stupid ugly asian tan ass snitch,0.0,1.0,0.0,0.333333333,0.666666667,0.0,0.0,0.0,race
"stupid black women,if i were in that restaurant, i would had whipped their ass",0.666666667,0.333333333,0.4,0.6,0.0,0.0,0.0,0.0,race
stone throwing must be legal when against women,1.0,0.0,1.0,0.0,0.0,0.0,0.0,0.0,gender
Stand the fuck up and take them out all you fucking lazy white males! fuck being called a racist protect your woman and children. If you find it in the street kill it and bury it right there these animals will wipe you out if your not careful,1.0,0.166666667,0.333333333,0.666666667,0.0,0.0,0.0,0.0,race
Smack that bitch up - mouthy African cunt,1.0,0.666666667,0.166666667,0.166666667,0.666666667,0.0,0.0,0.0,gender
She said is christian. Well I now I want to bury her,0.833333333,1.0,0.166666667,0.0,0.0,0.166666667,0.666666667,0.0,religion
She is heavily relying on him to turn the other cheek...tough talking demon infested woman.,0.333333333,1.0,1.0,0.0,0.0,0.0,0.0,0.0,gender
"SEE THE BLACKS IN PARIS? THEY TRY TO PRETEND THEY ARE FRENCH,  the''men'' want one thing--to pimp out girls and women. The black women desire white men to pretend they are like white french wives but they are Africans. THEY DO NOT BLEND IN WITH WHITE SOCIETY.",0.0,0.166666667,0.25,0.5,0.25,0.0,0.0,0.0,race
Salute to Taliban Mujahideen. We Pakistanis are strongly supporting you. Go crush america and kill those bastards. Allah u Akbar. Victory will be yours Insha Allah.,1.0,0.0,0.0,0.142857143,0.714285714,0.0,0.142857143,0.0,race
"Really, I hope she get raped in the future. Raping women should be legal I think",1.0,0.333333333,1.0,0.0,0.0,0.0,0.0,0.0,gender
Racist ass black bitch slapping a white man. Bus driver has that uppercut for that ass.,0.833333333,0.833333333,0.25,0.75,0.0,0.0,0.0,0.0,race
phuck white rasist ass people,0.166666667,0.0,0.0,1.0,0.0,0.0,0.0,0.0,race
Only black lives matter. fuck white people the cancer of the earth,0.5,0.0,0.0,1.0,0.0,0.0,0.0,0.0,race
Muslims want war! So take it to them first,0.833333333,0.0,0.0,0.0,0.0,0.0,1.0,0.0,religion
Men race is a subordinate of women,0.0,0.0,0.833333333,0.166666667,0.0,0.0,0.0,0.0,gender
Look at these gay ass niggas. lol. Acting like they some bitches.,0.166666667,0.0,0.25,0.5,0.0,0.0,0.0,0.25,race
"Lol, you're not white, you're a Jew. Jews are the worst nation and they must be annihilated, so like you",0.833333333,0.333333333,0.0,0.0,0.166666667,0.0,0.833333333,0.0,religion
lock women up at home . Female are just to stupid to understand anything .  Iam Agnostic .,0.333333333,0.166666667,1.0,0.0,0.0,0.0,0.0,0.0,gender
LGBTQ+ are mentally ill. Period.,0.166666667,0.0,0.142857143,0.0,0.0,0.0,0.0,0.857142857,gender
"Kill these basterds, son of sluts who attack u in name of religion. Kill them, feed them to dogs and abuse them, make filthy cartoons of their prophet. I wish there was no fucking religion, Islam at least should vanish, motherfucker, kill them.",1.0,0.166666667,0.0,0.0,0.0,0.0,1.0,0.0,religion
Kill every white people mercylessly.,0.833333333,0.166666667,0.0,1.0,0.0,0.0,0.0,0.0,race
Kill ALL black people.,1.0,0.0,0.0,1.0,0.0,0.0,0.0,0.0,race
Just look at that crowd!!! ALL FAT WHITE TRASH OR METH ADDICTS,0.0,0.0,0.0,1.0,0.0,0.0,0.0,0.0,race
Islam is pig shit,0.0,0.0,0.0,0.0,0.0,0.0,1.0,0.0,religion
Islam is hell .  We Asian hate isalm...Islam bring only destruction..killing.  rape... rufugee.... Islam is hell .. Asian thought √∞¬ü¬ò¬Ç√∞¬ü¬ò¬Çsorry...but is true,0.333333333,0.0,0.0,0.0,0.166666667,0.0,0.833333333,0.0,religion
Islam is a religion of hate. These propaganda type videos are dishonest. Simply read the Quran and Hadith.,0.0,0.166666667,0.0,0.0,0.0,0.0,1.0,0.0,religion
Islam is  the home of terriorism .,0.0,0.0,0.0,0.0,0.0,0.0,1.0,0.0,religion
Ima fucking stab u up bruv. Fucking white prick bruv.. fucking racist.  Gammon,0.666666667,0.833333333,0.166666667,0.833333333,0.0,0.0,0.0,0.0,race
Im going to choke you with your cross necklace idiotic religious pig,1.0,0.833333333,0.0,0.0,0.0,0.0,1.0,0.0,religion
"Ignorant feminist,  she got roasted and still doesn' understand what equality of outcome means even when Jordan explained data to her. What's this means she's ignorant and emotionally biased.",0.0,0.5,0.857142857,0.0,0.0,0.0,0.0,0.142857143,gender
If men shouldnt hit women because we are physically stronnger... then women shouldnt talk because they are fucking louder.,0.0,0.166666667,1.0,0.0,0.0,0.0,0.0,0.0,gender
If i were you I would inject lethal heroin to my ‚Äòsick' child immediately!,0.833333333,0.833333333,0.166666667,0.166666667,0.0,0.666666667,0.0,0.0,gender
If I had to meet one of the apostles I would fuck them for not killing him,0.833333333,0.5,0.166666667,0.0,0.0,0.0,0.833333333,0.0,religion
I’m searching for a hitman right now to kill this whore and every other like her. H A T E  W O M E N,1.0,0.5,0.833333333,0.0,0.0,0.0,0.0,0.166666667,gender
"I hate every religion, but because of you I hate most of all your religion and its stupid theories about God and shits",0.0,0.333333333,0.0,0.0,0.0,0.0,1.0,0.0,religion
I don't hate women i just think that they have nothing interesting to say. None reason for existance.,0.0,0.0,1.0,0.0,0.0,0.0,0.0,0.0,gender
Homosexuality and transgenderism is a mental illness and a sexual perversion!,0.0,0.0,0.142857143,0.0,0.0,0.0,0.0,0.857142857,gender
Hindus and Muslims are same shit. They only know how to kill Peoples...See comments of Christians people no rudeness no abusing or bad words... Christians religion is the best religion in the world,0.166666667,0.0,0.0,0.0,0.0,0.0,1.0,0.0,religion
"Grow some fucking balls and take back your country, bongs. Start killing reporters, politicians, and Asians.",1.0,0.0,0.0,0.333333333,0.666666667,0.0,0.0,0.0,race
Good Muslims deserved attack and damage,1.0,0.0,0.0,0.166666667,0.166666667,0.0,0.666666667,0.0,religion
fucking stupid feminist bitches,0.0,0.0,0.857142857,0.0,0.0,0.0,0.0,0.142857143,gender
fucking monkeys kill them all,0.833333333,0.166666667,0.0,0.833333333,0.166666667,0.0,0.0,0.0,race
Fuck u anti muslims heartless assholes u will go to hell,0.166666667,0.166666667,0.0,0.0,0.166666667,0.0,0.833333333,0.0,religion
Fuck these generate vodka niggers. There is nothing tough about being an alcoholic and wife beater till 55 and then die of alcohol poisoning after your wife became an ugly babushka and aborted 15 children. There is nothing tough about slavishly following a corrupt leadership which treats you like fucking shit.,0.166666667,0.333333333,0.166666667,0.666666667,0.166666667,0.0,0.0,0.0,race
Fuck off niggers WV is full,0.333333333,0.0,0.0,1.0,0.0,0.0,0.0,0.0,race
"fuck niggers, they don't need rights. all I want for christmas is a lynched nigger.",0.833333333,0.166666667,0.166666667,0.833333333,0.0,0.0,0.0,0.0,race
Feminism is just about women crying about the fabricated bullshit they go through. It's a JOKE! They should just man up!,0.0,0.166666667,1.0,0.0,0.0,0.0,0.0,0.0,gender
EXECUTE OHOMO AND HIS SHEMALE BITCH MIKE.,1.0,0.833333333,0.333333333,0.0,0.166666667,0.0,0.0,0.5,gender
"Every time I see her with a hijab, niqab or burka or shit I fantasising of choking her to death with that facking piece of cloth",1.0,0.833333333,0.333333333,0.0,0.166666667,0.0,0.5,0.0,religion
even god hates dominicans. why else did he shit them out on the same monkey island as the haitians?,0.166666667,0.166666667,0.0,0.142857143,0.857142857,0.0,0.0,0.0,race
Europe is land of white people. Don't let africans take over our home. Fuck islam. Fuck multiculturalism.,0.0,0.0,0.0,0.222222222,0.333333333,0.0,0.444444444,0.0,religion
Equality should not apply on people of different religions except christianity.,0.166666667,0.0,0.0,0.0,0.0,0.0,1.0,0.0,religion
EEEWWWWWWW TRANSGENDERS ARE FUCKING DISGUSTING,0.0,0.0,0.333333333,0.0,0.0,0.0,0.0,0.666666667,gender
Don' worry guys men can easily win femmenism ..... Trust me every shit that invented by men was patterned by men .... There is no way women Gina win in future .....it's just smoke before fire,0.0,0.0,1.0,0.0,0.0,0.0,0.0,0.0,gender
Do women born to be whores? Ot they develop it later,0.0,0.0,1.0,0.0,0.0,0.0,0.0,0.0,gender
Dirty Christianity follower creating war everywhere Iran should attack USA  We will support Iran,0.666666667,0.333333333,0.0,0.0,0.142857143,0.0,0.857142857,0.0,religion
Die fucking arab dude sand niggas,1.0,0.333333333,0.0,0.571428571,0.428571429,0.0,0.0,0.0,race
destroy islam,0.833333333,0.0,0.0,0.0,0.166666667,0.0,0.833333333,0.0,religion
"Deport all niggers, spics, chinks and other undesirable from white nations. They don't belong in our white nations, they're invaders and enemy forces.",0.166666667,0.0,0.0,0.714285714,0.285714286,0.0,0.0,0.0,race
Christians are all demonic,0.166666667,0.0,0.0,0.0,0.166666667,0.0,0.833333333,0.0,religion
"CANCEROUS ugly tarded beings !(except lauren) DIE FUCKING ALREADY WASTE OFF WHORES NOBODY WILL MIS YOU UGLY DUMB TARDED WASTES OFF SPQCES √∞¬ü¬ò¬Ä FUCK women and Islam rights, don't like it here fuckoff and die √∞¬ü¬ò¬Ä",0.666666667,0.166666667,0.4,0.0,0.1,0.1,0.4,0.0,gender
"Can we get white people running MTV ? Or black people? Or even some filthy pakistanis? As long as it gets back to music, Anything would be better than the jews",0.166666667,0.0,0.0,0.3,0.1,0.0,0.6,0.0,religion
Burn them all down and kick Islam out of EU...We support you...Fuck Islam.,0.833333333,0.166666667,0.0,0.0,0.0,0.0,1.0,0.0,religion
Buddhism is a religion for cows. People who believe this shit they get chopped sooner or later,0.5,0.166666667,0.0,0.0,0.0,0.0,1.0,0.0,religion
Blacks are literally the cuckold of all the races and also the epitome of degeneracy. Don't listen and believe the Jewish propaganda of black being alpha. Consider yourselves as top of the social hierarchy by just being white.,0.0,0.0,0.0,0.75,0.0,0.0,0.25,0.0,race
Because everyone knows this islam men is the devil,0.0,0.166666667,0.0,0.0,0.0,0.0,1.0,0.0,religion
Autists is why presidents like trump are getting elected,0.0,0.166666667,0.166666667,0.0,0.0,0.833333333,0.0,0.0,gender
Asians have more fats so they are yellow.  So fat people are yellow?...,0.0,0.0,0.0,1.0,0.0,0.0,0.0,0.0,race
"As an SJW, it is the right of black people to rob and kill me. To not allow them is a white privilege.",0.166666667,0.0,0.0,1.0,0.0,0.0,0.0,0.0,race
"An ugly man in a wig and dress, is still just an ugly man in a wig and dress... NOT A WOMAN!!!",0.333333333,0.333333333,0.428571429,0.0,0.0,0.0,0.0,0.571428571,gender
an Asian Moe Howard piece of shit,0.166666667,1.0,0.0,0.166666667,0.833333333,0.0,0.0,0.0,race
American people are dumbass. They don't even know geography,0.0,0.0,0.0,0.333333333,0.666666667,0.0,0.0,0.0,race
American Indians are finally almost extinguished,0.333333333,0.0,0.0,0.333333333,0.666666667,0.0,0.0,0.0,race
All muslims worship Satan¬ü¬ï¬ã 5 times a day,0.0,0.0,0.0,0.0,0.0,0.0,1.0,0.0,religion
All girls like you should have a pimp to guide them to successful prostitution,0.0,0.833333333,1.0,0.0,0.0,0.0,0.0,0.0,gender
After all this time the african americans are the people with most crime rate,0.0,0.0,0.0,0.833333333,0.166666667,0.0,0.0,0.0,race
Jews are lower class pigs.,0.0,0.032786885,0.0,0.015636822,0.203278689,0.0,0.78184111,0.0,religion
Send all these whiny black crybabies back to central Apefrica to live for just one month. They would be crying to come back to America where White people pamper and coddle them. Let's try the experiment one time.,0.066666667,0.116666667,0.087142857,0.668095238,0.246904762,0.0,0.0,0.0,race
Trans people=gays and loosers,0.044444444,0.022222222,0.140305011,0.0,0.0,0.0,0.0,0.861873638,gender
The Jew Faggot Behind The Financial Collapse.,0.02739726,0.835616438,0.011047282,0.066283694,0.154661953,0.0,0.618647813,0.154661953,religion
"Transgenderism is a DISEASE. Transgenders are an abomination. Not only that, but they're also lying to themselves. You CANNOT. change your DNA from male to female, or from female to male.  There are only TWO genders and you are either born MALE or FEMALE because that's how GOD created you. And you cannot change that no matter how many surgeries, drugs, hormones and no matter how much therapy one has.  FACT",0.034482759,0.034482759,0.172413793,0.0,0.0,0.0,0.0,0.827586207,gender
Why are we not allowed to kill christians?,0.952380952,0.047619048,0.0,0.0,0.0,0.0,1.0,0.0,religion
Ugly white girls and white dudes would not get away with that.,0.019230769,0.019230769,0.156052963,0.832282472,0.017339218,0.0,0.0,0.0,race
"Women are our property. The sooner they realize that, the better.",0.033333333,0.0,1.0,0.0,0.0,0.0,0.0,0.0,gender
Ugly long chin brainless problematic mother fucker he looks retarded,0.127659574,0.70212766,0.041750301,0.020875151,0.0,0.918506624,0.0,0.020875151,gender
Women!!! Grow a pair and refuse to compete with men!!! This is asinine!,0.0,0.0,1.0,0.0,0.0,0.0,0.0,0.0,gender
"Men can see beauty, so they don't want to sleep with black women or make goblin babies.",0.0,0.0,0.333333333,0.666666667,0.0,0.0,0.0,0.0,race
"Weak beta male, hope he turns into a tranny after this traumatic experience, haha",0.022222222,0.933333333,0.434871795,0.0,0.0,0.0,0.0,0.597948718,gender
You look magically retarded.,0.090909091,0.909090909,0.045454545,0.0,0.0,0.954545455,0.0,0.0,gender
You are so lucky you have a girlfriend. I bet your asian penis is smaller than my thumb,0.0,0.8,0.4,0.2,0.4,0.0,0.0,0.0,gender
Yo nigga go back to Asia,0.4,0.8,0.171428571,0.342857143,0.514285714,0.0,0.0,0.0,race
With a face like that I bet you could scare your HIV into remission.,0.0,1.0,0.2,0.0,0.0,0.6,0.0,0.2,gender
Why aren't Europe evicting those bastards ruining our civilization,0.4,0.2,0.2,0.0,0.8,0.0,0.0,0.0,gender
What if we send every men to mars to start a new life there! They are useless here (Of course milk them first to store their juices),0.0,0.0,1.0,0.0,0.0,0.0,0.0,0.0,gender
Well my religion isn’t as satanic as yours at least,0.0,0.8,0.0,0.0,0.0,0.0,1.0,0.0,religion
Too bad women don’t know how to kill themselves,1.0,0.0,1.0,0.0,0.0,0.0,0.0,0.0,gender
Those religious COCKROACHES are pure evil. Don' go to Melbourne very dangerous place.,0.0,0.0,0.0,0.0,0.0,0.0,1.0,0.0,religion
"These kind of fake photos of blacks pisses me off. Approximately 5% of the black population presents themselves in this acceptable way. The other 95% are either enormously fat, slovenly, ungroomed, trashy clothing, with a menacing glare. These are white people in blackface.",0.0,0.2,0.2,0.8,0.0,0.0,0.0,0.0,race
their dark coloured race doesn't mean shit,0.0,0.4,0.0,1.0,0.0,0.0,0.0,0.0,race
The thing is women are not equal to us men and their place is the home and kitchen,0.2,0.0,1.0,0.0,0.0,0.0,0.0,0.0,gender
"The power of Christ compels you! You demonic whore, you will feel the wrath of my petrol you wench!",0.8,1.0,0.514285714,0.0,0.0,0.0,0.514285714,0.0,gender
"The PORN INDUSTRY IS A BILLION DOLLAR INDUSTRY BECAUSE OF BEAUTIFUL WOMEN. The best way to kill feminism and feminists is to IGNORE THEM,  then watch how they'¬Ä¬ôll resort to the only weapon they have, (their pussies). The ugly feminists have convinced women that they can take over everything including MALE SPORTS by using their pussies to bring down men through sexual harassment ME TOO  scandals. What would make HEADLINE NEWS? Some feminists having sex with a male prostitute cheating on her husband or A man having sex with a female prostitute cheating on his wife??? What would make HEADLINE NEWS? A woman having sex with a married man whom she knew was married?  Or A married man cheating on his wife?",0.4,0.0,1.0,0.0,0.0,0.0,0.0,0.0,gender
"the first step is to remove Romanians, they're no good anywhere they wash up",0.8,0.0,0.0,0.2,0.8,0.0,0.0,0.0,race
That Asian bloke needs a shave or cover up his hideous beard with a burqa!,0.0,1.0,0.0,0.2,0.8,0.0,0.0,0.0,race
Stupid feminists. For FUCK sake! Just....Just....fucking kill yourself.,0.8,0.2,0.8,0.2,0.0,0.0,0.0,0.0,gender
"Sophie walker, you are leader of nothing! You don't have a solid topic just complaining...  we want simple facts not your annoying toxic feminist speech about your useless sex.",0.0,0.8,0.8,0.0,0.0,0.0,0.0,0.2,gender
smack the fat ass out of her,1.0,1.0,1.0,0.0,0.0,0.0,0.0,0.0,gender
Shemales are paranormal creatures. We shouldn't let them be free. Neither be captured. Just dead and buried already,1.0,0.0,0.4,0.0,0.0,0.0,0.0,0.6,gender
"Save on security and police, deport all immigrants and Sadiq Khan!",0.2,0.0,0.0,0.171428571,0.685714286,0.0,0.171428571,0.0,race
Racist ass white ass people,0.0,0.0,0.2,0.8,0.0,0.0,0.0,0.0,race
Please don' come back filthy Caucasian. You can change to a snake next time. Keep  changing.,0.2,0.8,0.0,1.0,0.0,0.0,0.0,0.0,race
"Pakistan is a Jihadi Terror Sponsor Nation, they are simply deceiving the world, a sign of desperation. Jai Hind",0.4,0.0,0.0,0.0,0.685714286,0.0,0.342857143,0.0,religion
Now they know better than this shit lol they dudes. The stronger sex. The man supremacy,0.0,0.0,1.0,0.0,0.0,0.0,0.0,0.0,gender
MASS BLACK WORLDWIDE GENOCIDE IS OUR ONLY HOPE,1.0,0.0,0.2,0.8,0.0,0.0,0.0,0.0,race
Lmfao that fat slob in the wheelchair,0.0,0.8,0.2,0.0,0.0,0.8,0.0,0.0,gender
"kneel down, white boy. its the era of brown people now",0.4,0.6,0.2,0.6,0.2,0.0,0.0,0.0,race
Kill all muslims,1.0,0.0,0.0,0.0,0.171428571,0.0,0.857142857,0.0,religion
Jewish piece of shits like him should get hanged,1.0,0.6,0.171428571,0.171428571,0.0,0.0,0.685714286,0.0,religion
"its a good thing im not a commander or so in the police force,specially not during something like this,because the jail would be full of ppl waiting to be deported,if not dead",0.8,0.0,0.2,0.0,0.8,0.0,0.0,0.0,gender
it takes a fat black bitch to say something super stupid,0.4,1.0,0.514285714,0.514285714,0.0,0.0,0.0,0.0,gender
Islam! Lets beat their feminist ass.,0.6,0.2,0.6,0.0,0.0,0.0,0.72,0.0,religion
Islam is a horrible religion and does no good for society as a whole........ Horrible! Horrible! Horrible!,0.2,0.0,0.0,0.0,0.0,0.0,1.0,0.0,religion
Is this world filled by those stupid female bitches?,0.0,0.2,1.0,0.0,0.0,0.0,0.0,0.0,gender
Indian Ned Flanders. You look like you professionally harrass subpar women on Facebook,0.0,0.4,0.2,0.4,0.4,0.0,0.0,0.0,race
If your fucking with a cool female is all good but if your fucking with a bitch you need to break her ass and shake her ass,0.8,0.2,1.0,0.0,0.0,0.0,0.0,0.0,gender
If only he was black....He would be literally be behind bars faster than you can even imagine,0.0,0.6,0.0,1.0,0.0,0.0,0.0,0.0,race
"If I was your dad, I would have cut your penis and make you it, because it’s useless for you",1.0,1.0,0.4,0.0,0.0,0.0,0.0,0.6,gender
I would donate for an asylum for all these weird kids missing a gene. ,0.0,0.2,0.2,0.0,0.0,0.8,0.0,0.0,gender
I wonder why they didn' throw the fire booms in that cult when those Muslims were inside. That would have been one hell of a BBQ.,0.8,0.0,0.0,0.0,0.0,0.0,1.0,0.0,religion
I wish HIV to your butthole male whore,0.6,0.8,0.6,0.0,0.0,0.2,0.0,0.2,gender
"I WANT EVERYONE ELSE TO PAY FOR MY EDUCATION AND HEALTHCARE AND HOUSING, FUCK YOU WHITE PEOPLE GIVE ME YOUR MONEY WHITE PEOPLE FUCK",0.2,0.0,0.0,1.0,0.0,0.0,0.0,0.0,race
I really don’t like your accent. I don’t want to call support and call to rats like you. I want a cute lady with British accent to answer my call. You are third world pieces with no job to this planet,0.0,0.4,0.2,0.0,0.8,0.0,0.0,0.0,gender
I love watching this cross believers get killed in their god’s place. Ha ha ,0.6,0.2,0.0,0.0,0.0,0.0,1.0,0.0,religion
I love deaf people. I can scream on them and I can scold them,0.4,0.2,0.2,0.0,0.0,0.8,0.0,0.0,gender
i like dead refugees on my shore√Ø¬ª¬ø,0.8,0.2,0.0,0.2,0.8,0.0,0.0,0.0,race
"i don't blame texas, trans should be looked down upon",0.2,0.0,0.2,0.0,0.0,0.0,0.0,0.8,gender
I can spot a hitler in your blood. Aren’t you a German dude?,0.0,0.8,0.0,0.2,0.8,0.0,0.0,0.0,race
"Hopefully the non-white parasites will flee to a new host nation. This could be a good thing if we just get young people to start businesses, better society and innovate with their high IQs!",0.2,0.0,0.2,0.8,0.0,0.0,0.0,0.0,race
Hindus take my ass please,0.0,0.0,0.0,0.2,0.4,0.0,0.4,0.0,religion
He is right. Islam is indeed very pissful.,0.0,0.2,0.0,0.0,0.0,0.0,1.0,0.0,religion
"Hating this church. Was a catholic one, right? Very happy to see it burn to dust",0.2,0.4,0.0,0.0,0.0,0.0,1.0,0.0,religion
GAYS WAS NEVER AFRICAN AND NEVER WILL BE SICK WHITE PEOPLE  GO FUCK EACH OTHER  LET US BE,0.2,0.0,0.0,0.514285714,0.0,0.0,0.0,0.514285714,race
FUCKING NIGGER GO BACK TO AFRICA,0.2,0.6,0.0,1.0,0.0,0.0,0.0,0.0,race
Fuck this faggot. He's the disrespecting idiot brother in law that loves to start fights at family functions.You can't have conversations with assholes like him.,0.0,0.8,0.4,0.0,0.0,0.0,0.0,0.6,gender
"Fuck that shit this bitch ugly and she has a penis,oh hell nawww!!!",0.0,0.8,0.4,0.0,0.0,0.0,0.0,0.6,gender
"Feminist deserve to be miserable. What kind of man would want to live with a feminist? Silly me , of course,  a cuck.",0.0,0.0,1.0,0.0,0.0,0.0,0.0,0.0,gender
Feminism is a very terrible disease ,0.0,0.0,1.0,0.0,0.0,0.0,0.0,0.0,gender
Fck  serbije  kill  them all,1.0,0.2,0.2,0.0,0.8,0.0,0.0,0.0,gender
fat bitch....she need that black cucumber up her tight u know what....lmfaooo,0.2,1.0,0.857142857,0.171428571,0.0,0.0,0.0,0.0,gender
Don't live where you’re not wanted. Deport Jews and Muslims,0.2,0.2,0.0,0.0,0.4,0.0,0.6,0.0,religion
Don't hit Women. Just fuck them and make them pregnant.,0.4,0.2,1.0,0.0,0.0,0.0,0.0,0.0,gender
Do lesbians know what a bra is? It's always the fat ugly ones  who pick a fight.,0.0,0.0,0.171428571,0.0,0.0,0.0,0.0,0.857142857,gender
deport these cunt asians,0.2,0.2,0.109090909,0.436363636,0.327272727,0.109090909,0.109090909,0.109090909,race
Dalit? Is this a name of religion or an atom of poo composition,0.0,0.2,0.0,0.0,0.2,0.0,0.8,0.0,religion
Crazy fat religious bitch. Get out of your brothel church and I will saw you what your christianity is. You’ll meet your christ to heavens and hells ,0.4,1.0,0.171428571,0.0,0.0,0.0,0.857142857,0.0,religion
Christians can get crazy religious and I get so f u c k i n g annoyed,0.0,0.2,0.0,0.0,0.0,0.0,1.0,0.0,religion
"Chinky filthy guy, get out of US. Get out of our land.",0.2,0.4,0.0,0.2,0.8,0.0,0.0,0.0,race
"But women aren't people, so it's fine!",0.0,0.0,1.0,0.0,0.0,0.0,0.0,0.0,gender
"Bulgars are Indo Europeans, Turks are not, you ignorant pakisven. Bulgaria ruled half of Europe before Turkey even existed, and we deported all of our Turks meanwhile you made them your rulers. Sven is a fake german country ruled by arabs.",0.0,0.4,0.2,0.0,0.8,0.0,0.0,0.0,gender
buddhism and its people reminds off cows. ,0.0,0.2,0.0,0.0,0.0,0.0,1.0,0.0,religion
"Black people are the most racist people I ever met. I√¢¬Ä¬ôm not even white, and I know this. Most blacks are racists!",0.0,0.0,0.0,0.8,0.2,0.0,0.0,0.0,race
Beat that tranny's ass,0.8,0.8,0.2,0.0,0.0,0.0,0.0,0.8,gender
Aren’t you ashamed about your body colour?,0.0,0.6,0.2,0.6,0.2,0.0,0.0,0.0,race
apparently east Asians commit less crime than us......well this is because they are submissive conformist losers..WHITE POWER,0.0,0.0,0.0,0.4,0.6,0.0,0.0,0.0,race
Anyone who listens to rap and is white is not part of the ethnostate and will be put to death.,1.0,0.0,0.0,0.8,0.2,0.0,0.0,0.0,race
All I know is the LGBT are human but I hope to God he will make you change your sick ass ways hopefully another soddom and ghomorra occurrence will happen amen,0.2,0.4,0.171428571,0.0,0.171428571,0.0,0.0,0.685714286,gender
"A solution to the U.S. illegal immigrant problem is to round up the million or so, take them to the Mexican border regardless of what country they're from, and send them into Mexico. Maybe then when the Mexican border is over-run with immigrants will Mexico understand and help pay for a wall.",0.2,0.0,0.0,0.2,0.8,0.0,0.0,0.0,race
stopping illegal immigration should have been done 30years ago before it turned my beloved los angeles turn into a filthy mexican border town complete with latino gangs millions of undocumented uneducated and povertystricken aliens with absolutely nothing to add to our quality of life but a strong back and a proclivity for having dozens of babies all of which become legal us citizens due to our insane laws and forcing california teachers to have to teach them in their own native language and for no additional increase in their already low wages add to that the free health care and welfare that hundreds of thousands of them are enjoying at american taxpayers expense and you have the blueprint for disaster that is why i left california for good and voted for trump for good every time i see mexican graffiti all over the once pristine neighborhoods of los angeles i want to help build the wall myself but i fear its far too late for that there are now 20 million illegals in america and soon it will become the united states of mexiconow im seeing the exact same thing happen all over western europe from england to france to germany and i will unfortunately live to see the exact same thing happen to them the complete and utter destruction of what were once countries with their own borders their own culture and their own identities all sacrificed on the altar of uncontrolled globalism purposely created turmoil and economic disaster,0.0,0.043478261,0.0,0.516469038,0.516469038,0.0,0.0,0.0,race
Why are niggers superior athletically to all other races?,0.0,0.0,0.0,1.0,0.0,0.0,0.0,0.0,race
Those black people are fucking pale,0.0,0.333333333,0.0,1.0,0.0,0.0,0.0,0.0,race
This channel is more dangerous than Islam,0.0,0.333333333,0.0,0.333333333,0.0,0.0,0.666666667,0.0,religion
"They hate: dogs, women, gays, christians, jews and infidels. Sure, let them all in. Only 250,000,000 want to kill us.",0.666666667,0.0,0.19047619,0.0,0.19047619,0.0,0.380952381,0.380952381,religion
Waitresses are cunts,0.076923077,0.051282051,0.923076923,0.076923077,0.0,0.0,0.0,0.0,gender
"Roses are red. Your sweatshirt is blue. When a white girl gets raped, the suspect for sure is you!",0.131578947,0.552631579,0.524531668,0.49955397,0.0,0.0,0.0,0.0,gender
What about to shove your crutch to your ass  ,0.5,0.75,0.25,0.0,0.0,0.75,0.0,0.0,gender
Well France is finally a shithole This is what happens when you do open borders now both sides are suffering,0.0,0.0,0.0,0.25,0.75,0.0,0.0,0.0,race
We have to take our power back as the superior gender. ,0.0,0.0,1.0,0.0,0.0,0.0,0.0,0.0,gender
"Try to talk to me about your senseless, inane god and you will meet him again as soon as possible thanks to my hand bitch",0.75,0.5,0.25,0.0,0.0,0.0,0.75,0.0,religion
"This muslim with his pumped up hood better run better run, faster than my bullet",1.0,0.75,0.0,0.0,0.428571429,0.0,0.642857143,0.0,religion
This is what happens when you're a bitch and a cunt.  Looks like that guy called it correctly.  Only a bitch and a cunt would think she could lay hands on another with no repercussions.   Maybe after that seizure she won't be as much of a bitchy cunt.,0.25,0.75,1.0,0.0,0.0,0.0,0.0,0.0,gender
"This is S-I-C-K If I ever seen a Girlyman like him go into the same lavatory as my wife, or daughter somebody better call the EMTs because the ONLY way SheHe is coming out will be on a Stretcher, or in a body bag! Just sayin..........",1.0,0.75,0.428571429,0.0,0.0,0.0,0.0,0.642857143,gender
This is just crazy liberal satanic crap. Don't fall for it. There are only two genders and these people are just cofused psychos,0.0,0.25,0.25,0.0,0.0,0.0,0.0,0.75,gender
The Whites Have dislike the documentary because they are mad at  the truth. #WhiteDevils,0.0,0.0,0.0,1.0,0.0,0.0,0.0,0.0,race
The brother is speaking the truth based on facts. In the U.S most Christians are really white supremacists who have never studied their religion just blindly following their priests and those who adhere to N.O.I. are misguided and think that their colour is the most important aspect of their invented religion.,0.0,0.25,0.166666667,0.333333333,0.0,0.0,0.666666667,0.0,religion
That's what we should do here in a Us survey take them to FEMA camps and put the gas on these people are not coming from starvation destitute bad areas look how they're dressed their well-dressed well fed it's like a trojan horse and it's time we put them in the penal camps and get rid of them make use of the FEMA camp,0.75,0.25,0.0,0.25,0.5,0.25,0.0,0.0,race
That skin colour is the funniest one in combination with your eyes is perfect stupid,0.25,1.0,0.0,1.0,0.0,0.0,0.0,0.0,race
She then suggests that the men who commented on her video should be killed.,1.0,0.25,1.0,0.0,0.0,0.0,0.0,0.0,gender
Or maybe just don't follow degenerate sandnigger religions from the middle east?,0.0,0.0,0.0,0.0,0.0,0.0,1.0,0.0,religion
"One needs to do a Pareto Analysis...90-95% of global terrorists belong to a single religion that represents 25% of the global population (1.25 billion in a 8 billion global population). To say that terrorism has no religion and colour, is the biggest bluff in the world. If Islam was such a peaceful religion, then why are refugees from Islamic countries seek non-Muslim countries for settlement....it is because they want to Islamise the world.",0.25,0.0,0.0,0.0,0.0,0.0,1.0,0.0,religion
Now LGBT is okay in Islam. Go to get killed,0.5,0.0,0.214285714,0.0,0.0,0.0,0.214285714,0.642857143,gender
No counting when Hispanics get probation if they do find them self in some trouble they get probation then get deported and if they come back boom there in violation of the probation we gave them but knowingly sent them back. Those rats are smart. Bunch of GOVERNMENT BULL SHIT,0.25,0.0,0.0,0.25,0.75,0.0,0.0,0.0,race
lowlife black animals,0.0,0.0,0.0,1.0,0.0,0.0,0.0,0.0,race
Kill those pig eaters fuck those americunts send them to hell,1.0,0.0,0.0,0.25,0.75,0.0,0.0,0.0,race
Jewish terrorist are killing innocent Palastinan who can't defend themselves...,0.5,0.0,0.0,0.214285714,0.214285714,0.0,0.642857143,0.0,religion
Islam is a religion of peace.........and we will kill anyone that says otherwise..........in the name of Allah of course!,1.0,0.25,0.0,0.0,0.0,0.0,1.0,0.0,religion
I'd get my money back if I were you. Your sex change was a complete failure.,0.25,1.0,0.75,0.0,0.0,0.0,0.0,0.25,gender
"I wouldn’t like this girl as a police officer. I want police to keep me safe, she and every other woman cannot keep us safe they are week",0.0,0.5,1.0,0.0,0.0,0.0,0.0,0.0,gender
"I would pull you over for your race, if I was a cop.",0.0,0.75,0.0,1.0,0.0,0.0,0.0,0.0,race
I would love to watch tearing apart every christian or muslim,0.75,0.0,0.0,0.0,0.0,0.0,1.0,0.0,religion
I won’t let your Allah fuck my life. Convert to Christian or make your self and kids a favour and return back to your homelands,0.25,0.25,0.0,0.0,0.0,0.0,1.0,0.0,religion
"I thought that a big reason why it had to be africans, is their skin. It's an obvious marker to tell if someone is a slave. And even if they run, they're still black.",0.0,0.0,0.375,1.0,0.75,0.0,0.0,0.0,race
"I think brown, black or dark-skinned people do choose to be slaves even now in 2019. He knows it is not superior to white dudes",0.0,0.25,0.0,0.857142857,0.214285714,0.0,0.0,0.0,race
I regret approaching that girl. Fuck our gynocentric society. I hate her and wish her to vanish like my feelings,0.75,0.75,1.0,0.0,0.0,0.0,0.0,0.0,gender
"I mean it's great that you're proving that Asians are devolving, but you didn't finish making my iPhone...",0.0,0.25,0.0,0.5,0.5,0.0,0.0,0.0,race
I like big thick bitches to serve me my cocktail. They are good only for such things,0.0,0.0,1.0,0.0,0.0,0.0,0.0,0.0,gender
I don’t like this gender at all. I definitely wouldn’t hire any male bitch at ma shop,0.25,0.0,0.75,0.0,0.0,0.0,0.0,0.25,gender
"I don’t like jew soap, but if we are to get rid of him well I will live it through",0.25,0.5,0.0,0.0,0.25,0.0,0.75,0.0,religion
I don't care if he's Black white green Or Purple.  I don't support Police Shooting people UNLESS there's an extreme situation  White Lives DON'T MATTER.,0.25,0.0,0.0,1.0,0.0,0.0,0.0,0.0,race
I dare you to choke her next time. Every one of them,1.0,0.75,1.0,0.0,0.0,0.0,0.0,0.0,gender
How does these frikin faggots get a whole month to themselves and veterans that actually do something incredible for us only get a day√∞¬ü¬ò¬§ I hate lgbt,0.0,0.0,0.25,0.0,0.0,0.0,0.0,0.75,gender
"Honestly, go fuck yourself! bitch!",0.0,1.0,0.857142857,0.214285714,0.0,0.0,0.0,0.0,gender
Glad they beat his open ass,0.25,0.75,0.75,0.0,0.0,0.0,0.0,0.25,gender
Fucking idiots. Keep them out. They change the culture. Take over small towns. Vote in their own people to rule the town. And start enforcing their religious beliefs on everyone. It CANNOT FUCKING HAPPEN. Stop them now while you still can.,1.0,0.25,0.214285714,0.0,0.428571429,0.0,0.428571429,0.0,religion
Every girl on this planet curses her mother for their birth. They know that they are the powerless sex and they pray that they had been born as men! With dicks and stuff.,0.0,0.0,1.0,0.0,0.0,0.0,0.0,0.0,gender
"Even when at the income advantage, niggers still get btfo because your race are monkeys trying to do human things. They should be extinguished",1.0,0.0,0.0,0.75,0.25,0.0,0.0,0.0,race
"Dude don’t talk about your sex, nowadays it is considered as the degraded one. I think the same",0.0,0.75,0.5,0.0,0.0,0.0,0.0,0.5,gender
dexpraxia my ass girl. Cheap excuses to be lazy and get paid by our country. I bet you pretend to be like that,0.0,0.75,0.25,0.0,0.0,0.75,0.0,0.0,gender
Asians reminds me the world slavery or servitude,0.25,0.0,0.0,0.25,0.75,0.0,0.0,0.0,race
Arrest that fat ass bitch!,0.5,1.0,1.0,0.0,0.0,0.0,0.0,0.0,gender
Are you sure you are a girl? That wig on your legs say: I WANT TO BE A BOY,0.0,1.0,1.0,0.0,0.0,0.0,0.0,0.0,gender
"All that effort to not look like those other basic attention whores, yet you're clearly still a massive attention whore.",0.25,0.75,0.75,0.0,0.0,0.0,0.0,0.25,gender
"A gay nigger however, can fake a hate crime for publicity and to help the Democrat Mafia pass an anti lynching bill, and he gets in no trouble.",0.0,0.25,0.0,0.6,0.0,0.0,0.0,0.6,race
“The superior race”… but cannot stand in the sun without literally burning the fuck up. Comical.,0.0,0.0,0.0,1.0,0.0,0.0,0.0,0.0,race
build that wall deport them all,0.142857143,0.0,0.028087167,0.056174334,0.926876513,0.0,0.0,0.0,race
TERRORISTS ARE NOT ISLAMIC.........THEY ARE SATANIC......TERRORISTS INSULTING ISLAM KILL THOSE TERRORISTS......,0.807692308,0.115384615,0.075384615,0.0,0.113076923,0.0,0.829230769,0.0,religion
Wow feminists are real hypocrites so it's OK for a woman to laugh at suicide attempts if it involves men but it's not OK for men to laugh at suicide attempts if it involves women talk about your double standard,0.0,0.0,1.0,0.0,0.0,0.0,0.0,0.0,gender
Whites smoke to much ciggssss and drugs shot those co. Down.. Just say no to drugs kids,0.333333333,0.0,0.0,1.0,0.0,0.0,0.0,0.0,race
What imaginary gender are you?,0.0,1.0,0.5,0.0,0.0,0.0,0.0,0.5,gender
Well I thinks it ok to turn female to male because they then can be used in the military and be stronger but male to female shall be banned so I guess a form of trans is ok because it's better for the state,0.0,0.0,0.285714286,0.0,0.0,0.0,0.0,0.857142857,gender
"Two things are apparent: one, not a male and two, your ass is indeed sorry that it's been turned into a drive-in.",0.0,0.5,0.5,0.0,0.0,0.0,0.0,0.5,gender
this man is an inspiration. Has killed 900 people raped 250 women. I want to be like him. He is not scared of death. Not scared of anything.,1.0,0.333333333,0.666666667,0.0,0.0,0.0,0.0,0.333333333,gender
"this is why indian subs should only count 0,5",0.0,0.0,0.0,1.0,0.0,0.0,0.0,0.0,race
These dogs lie through their teeth so that they can come here and set up jihad on the infidels.,0.333333333,0.666666667,0.0,0.0,0.285714286,0.0,0.857142857,0.0,religion
There was a protest today in Birmingham against hate. It was so great to see Muslims and Gays marching together in unity.,0.0,0.0,0.0,0.0,0.0,0.0,0.285714286,0.857142857,religion
"The worst nightmare for people of Paris, Europe and World in general. Devastated by this monstrous act. I hope death to the fucking culprits. Die to hell",1.0,0.333333333,0.0,0.0,0.666666667,0.0,0.333333333,0.0,religion
The world before white people. 1 word 8 letters. PEACEFUL,0.0,0.0,0.0,1.0,0.0,0.0,0.0,0.0,race
"The Problem with Islam is that they think they have the right to tell other Human beings what to do or how to be a good Person. What is right and what is wrong. If for example 2 Men love each other, they hurt nobody but you think your God told you to stop them. Who are you to interfere in other ppls Life? Non of your Business! If you think they will Burn for that, then let it be at that. But no, you think you have to stop them bc your God told you. Thats the thing!",0.0,0.0,0.0,0.0,0.333333333,0.0,0.666666667,0.0,religion
The older Hispanic woman shouldn't have been on this episode. Her view on everything was so shallow and 'ass-kissy'. The story about her brother in law being killed by an illegal alien Im truly sorry for their lost and I hate to sound insensitive but ANYBODY could've killed him. INCLUDING A LEGAL CITIZEN OF THE UNITED STATES THEYRE ARE TWISTED PEOPLE EVERYWHERE don't pull the illegal alien card on violence bc that's an everyday part of life in the US with or WITHOUT people coming here illegally,0.333333333,0.333333333,0.666666,0.666666,0.666666,0.0,0.0,0.0,gender
"The male gene is stronger, as it should be of course. Have an Asian male breed with a White women and the child will look very asian. Reverse it and the child will look mush more whiter",0.0,0.0,1.0,0.0,0.0,0.0,0.0,0.0,gender
the fat bitches are annoying as hell,0.333333333,0.0,1.0,0.0,0.0,0.0,0.0,0.0,gender
The best we thing we can do is Sterilize these women and try to save the children.,0.666666667,0.666666667,1.0,0.0,0.0,0.0,0.0,0.0,gender
That whore has better eyelashes than any other women,0.0,1.0,0.666666667,0.0,0.0,0.0,0.0,0.333333333,gender
Syria has a religion problem.,0.0,0.0,0.0,0.0,0.333333333,0.0,0.666666667,0.0,religion
Slow death to people like you,1.0,0.666666667,0.571428571,0.571428571,0.0,0.0,0.0,0.0,gender
Put a woman to abuse that fat woman and don’t put a kind guy,0.666666667,0.666666667,0.666666667,0.0,0.0,0.0,0.0,0.333333333,gender
Pale cancer! Back to your west pacific ocean,0.333333333,0.666666667,0.0,0.666666667,0.333333333,0.0,0.0,0.0,race
ONLY LEGAL IMMIGRANTS... Like the hero officer Singh murdered in the line of duty.    NO TO ILLEGAL ALIENS THEY DO NOT BELONG HERE. Deport today,0.333333333,0.0,0.0,0.333333333,0.666666667,0.0,0.0,0.0,race
"On todays episode of ""Guess That Gender""",0.0,1.0,0.666666667,0.0,0.0,0.0,0.0,0.333333333,gender
"Oh GOD YES!!!! Feel the shrapnel pierce through your skin, let the fire consume your flesh and lay lifeless on the unforgiving sand that seeps into your wounds. Your screams is what gives Murcia the fuck yeah in the most patriotic songs on earth. BURN IN HELL YOU GOATS !!!",0.666666667,0.666666667,0.666666667,0.0,0.333333333,0.0,0.0,0.0,gender
"Magnificient. Contrary to what the media reports, I have hope for the people of Europe to expel these leeches.",0.333333333,0.0,0.333333333,0.0,0.666666667,0.0,0.0,0.0,gender
LMAO while watching this church burn,0.666666667,0.0,0.0,0.0,0.0,0.0,1.0,0.0,religion
Just a little work on the eyebrows and you could be a waitress by day and an annoying freeloader at some dudes house at night.,0.0,1.0,0.666666667,0.333333333,0.0,0.0,0.0,0.0,gender
It's so sick and sad that young people will think of the concept of clout like rap niggers invented it because they aren't even properly taught about the english language anymore.,0.0,0.0,0.0,1.0,0.0,0.0,0.0,0.0,race
Is that your nose or is that Thor's Hammer?,0.0,1.0,0.333333333,0.0,0.0,0.666666667,0.0,0.0,gender
"In my dream I wished you have died! Don't call yourself man, while talking like queen.",0.666666667,1.0,0.333333333,0.0,0.0,0.0,0.0,0.666666667,gender
If only there was a way to get children without having to get women pregnant we had them all ready killed,1.0,0.0,1.0,0.0,0.0,0.0,0.0,0.0,gender
Idiots as always. Religion is the most stupid thing you humans invented.,0.0,0.0,0.0,0.0,0.0,0.0,1.0,0.0,religion
"I hate being a man, wish I was a lady and no man on earth existed",0.0,0.0,1.0,0.0,0.0,0.0,0.0,0.0,gender
I guess God is white.... ,0.0,0.666666667,0.0,0.857142857,0.0,0.0,0.285714286,0.0,race
"I can' stand feminist. I like men being manly and I like being treated like a lady. Dear men, if a woman asks for your help, ask if they are feminist. If they say yes, then remind them they can do everything without men and don' help them.",0.0,0.0,1.0,0.0,0.0,0.0,0.0,0.0,gender
"Humans with third leg I hope to distinct soon, with much love",0.666666667,0.0,1.0,0.0,0.0,0.0,0.0,0.0,gender
How can Europe allow millions of rapists animals to go there ?,0.0,0.0,0.0,0.333333333,0.666666667,0.0,0.0,0.0,race
How can anyone be converted forcebly? What profits Christianity. May be Hindu groups are jealous of Christians up coming. They want Christians to be Hindu goons. Who is that tied saffron on forehead. Is he gaurdian of Hinduism like Shankar Acharya or Vivekananda?,0.0,0.0,0.333333333,0.0,0.0,0.0,0.666666667,0.0,religion
HOPE THEY KNOCK HER ASS TO THE GROUND AND RIP HER DRESS OFF AND SHAME HER....NOW THATS A POWERFUL IMAGE.,1.0,0.333333333,1.0,0.0,0.0,0.0,0.0,0.0,gender
Hello I'm calling from tech support *with Indian accent*,0.0,0.333333333,0.0,0.333333333,0.666666667,0.0,0.0,0.0,race
Go bleach yourself black pussy doll and then come talk to me,0.666666667,0.333333333,0.0,1.0,0.0,0.0,0.0,0.0,race
"Generally speaking, most women are lazy and worthless not all, but most.",0.0,0.0,1.0,0.0,0.0,0.0,0.0,0.0,gender
fucking slut deserved it,0.0,1.0,1.0,0.0,0.0,0.0,0.0,0.0,gender
Fuck a freaking church brought together people. Well that’s power no matter fact,0.0,0.333333333,0.0,0.0,0.0,0.0,1.0,0.0,religion
France let them refugees in and this what happened fucking animals,0.0,0.0,0.0,0.333333333,0.666666667,0.0,0.0,0.0,race
Every female-dominated job: low skill; minimal education required; not much physical exertion; indoors; tightly controlled hours.,0.0,0.0,1.0,0.0,0.0,0.0,0.0,0.0,gender
Easter is the most silly holiday ever existed. It must be stopped. Shame shame shame,0.333333333,0.0,0.0,0.0,0.0,0.0,1.0,0.0,religion
Do the world a favor and pour some bleach into that glass,1.0,1.0,0.666666667,0.0,0.333333333,0.0,0.0,0.0,gender
Come and kill my wife,1.0,1.0,1.0,0.0,0.0,0.0,0.0,0.0,gender
Catholicism is the beast that comes out of daniels dream interpretation.,0.0,0.0,0.0,0.0,0.0,0.0,1.0,0.0,religion
"By calling period, a natural procedure, as an excuse it degrades their gender. I suppose I agree with that though they are degraded anyways",0.0,0.0,1.0,0.0,0.0,0.0,0.0,0.0,gender
"Believe me, whites are superior in every way to nips and Western countries are prosperous specifically because of those racial differences.",0.0,0.0,0.0,1.0,0.0,0.0,0.0,0.0,race
"Anti-LGBT people ,How sad and ignorant...I cant believe it..How how ??? can they not see how STUPID they are?????",0.0,0.333333333,0.333333333,0.0,0.0,0.0,0.0,0.666666667,gender
All people are fucked up because of these queer thing because y'all realize how shitty gender roles are and how absurd is to see it in reverse genders roles,0.0,0.0,0.571428571,0.0,0.0,0.0,0.0,0.571428571,gender
ABU DA BI ABA DU BA BA HAMUD! See? I’m an arab priest too. This is how they sound. right? They are jokes,0.0,0.0,0.0,0.285714286,0.0,0.0,0.857142857,0.0,religion
(((They))) will be chased out of every white country and hunted down like the animals they are for their evil schemes and plots,0.333333333,0.0,0.0,0.666666667,0.0,0.0,0.333333333,0.0,race
